<?xml version="1.0"?>
<!DOCTYPE ejb-jar PUBLIC 
'-//Sun Microsystems, Inc.//DTD Enterprise JavaBeans 2.0//EN' 
'http://java.sun.com/dtd/ejb-jar_2_0.dtd'>

<ejb-jar>
  <enterprise-beans>

    <!-- %%function-id:upper%% Session Bean -->

    <session> 
      <ejb-name>%%function-id:upper%%Session</ejb-name>
      <home>com.yoonforh.ejb.mis.%%function-id:lower%%.%%function-id:upper%%SessionHome</home>
      <remote>com.yoonforh.ejb.mis.%%function-id:lower%%.%%function-id:upper%%Session</remote>
      <local-home>com.yoonforh.ejb.mis.%%function-id:lower%%.%%function-id:upper%%SessionLocalHome</local-home>
      <local>com.yoonforh.ejb.mis.%%function-id:lower%%.%%function-id:upper%%SessionLocal</local>
      <ejb-class>com.yoonforh.ejb.mis.%%function-id:lower%%.%%function-id:upper%%SessionBean</ejb-class>
      <session-type>Stateless</session-type>
      <transaction-type>Container</transaction-type>

      <!--
        reference to local entity beans
      -->

%%ejb-local-ref-to-entities-block%%

    </session>


%%ejb-entities-block%%

  </enterprise-beans>

  <assembly-descriptor>
%%ejb-entity-security-roles-block%%

%%ejb-entity-method-permissions-block%%

%%ejb-entity-container-transactions-block%%

    <container-transaction>
      <method>
        <ejb-name>%%function-id:upper%%Session</ejb-name>
        <method-name>*</method-name>
      </method>
      <trans-attribute>Required</trans-attribute>
    </container-transaction>

  </assembly-descriptor>

  <ejb-client-jar>%%function-id:upper%%Client.jar</ejb-client-jar>
</ejb-jar>
