<?xml version="1.0"?>

<!DOCTYPE weblogic-ejb-jar PUBLIC 
'-//BEA Systems, Inc.//DTD WebLogic 7.0.0 EJB//EN' 
'http://www.bea.com/servers/wls700/dtd/weblogic-ejb-jar.dtd'>

<weblogic-ejb-jar>

  <!-- %%function-id:upper%% Session bean -->
  <weblogic-enterprise-bean>

    <ejb-name>%%function-id:upper%%Session</ejb-name>
    <reference-descriptor>
      <!-- JDBC data source reference -->
      <!-- resource-description>
        <res-ref-name>jdbc/%%pool-name%%</res-ref-name>
        <jndi-name>%%app-name%%-dataSource-%%pool-name%%</jndi-name>
      </resource-description -->

%%ejb-local-ref-to-entities-block%%

    </reference-descriptor>
    <jndi-name>%%function-id:lower%%/%%function-id:upper%%Session</jndi-name>
    <local-jndi-name>%%function-id:lower%%/%%function-id:upper%%SessionLocal</local-jndi-name>

  </weblogic-enterprise-bean>

%%ejb-entities-block%%

%%ejb-entity-security-role-assignments-block%%

</weblogic-ejb-jar>

